{
	"pages": [ //pages数组中第一项表示应用启动页，参考：https://uniapp.dcloud.io/collocation/pages
		{
			"path": "pages/index/index",
			"style": {
				"navigationBarTitleText": "发现",
				"navigationBarBackgroundColor": "#EB7970",
				"navigationBarTextStyle": "white"
				// "navigationStyle": "custom"
			}
		},
		{
			"path": "pages/cuisine-details/details",
			"style": {
				"navigationBarTitleText": "美食详情"
			}
		},
		{
			"path": "pages/sort-view/sort-view",
			"style": {
				"navigationBarTitleText": "分类"
			}
		},
		{
			"path": "pages/index/profile",
			"style": {
				"navigationBarTitleText": "我的",
				"navigationStyle": "custom",
				"navigationBarTextStyle": "white"
			}
		},
		{
			"path": "pages/index/swipe-test",
			"style": {
				"navigationBarTitleText": "卡片后端测试"
			}
		},
		{
			"path": "pages/cuisine-upload/cuisine-upload",
			"style": {
				"navigationBarTitleText": "发布新美食"
			}
		},
		{
			"path": "pages/favorite/favorite",
			"style": {
				"navigationBarTitleText": "收藏"
			}
		}
	],
	"globalStyle": {
		"navigationBarTextStyle": "black",
		"navigationBarTitleText": "uni-app",
		"navigationBarBackgroundColor": "#F8F8F8",
		"backgroundColor": "#F8F8F8"
	},
	"uniIdRouter": {},
	"tabBar": {
		"color": "#878787",
		"selectedColor": "#e4625d",
		"borderStyle": "black",
		"backgroundColor": "#ffffff",
		"list": [
			{
				"pagePath": "pages/index/index",
				"iconPath": "static/my-icon/dice.png",
				"selectedIconPath": "static/my-icon/dice_select.png",
				"text": "发现"
			},
			{
				"pagePath": "pages/sort-view/sort-view",
				"iconPath": "static/my-icon/layout-left-2-line.png",
				"selectedIconPath": "static/my-icon/layout-left-2-fill.png",
				"text": "分类"
			},
			{
				"pagePath": "pages/index/profile",
				"iconPath": "static/my-icon/user-5-line.png",
				"selectedIconPath": "static/my-icon/user-5-fill.png",
				"text": "我的"
			}
		]
	}
}
